[
  {
    "Style": "bohemian",
    "Price": "Average",
    "Rating": "4",
    "Size": "free",
    "Season": "Winter",
    "NeckLine": "o-neck",
    "SleeveLength": "sleevless",
    "waiseline": "natural",
    "Material": "polyster",
    "FabricType": "chiffon",
    "Decoration": "ruffles",
    "Pattern Type": "striped",
    "Recommendation": 0,
    "ventes": 5910
  },
  {
    "Style": "Sexy",
    "Price": "Average",
    "Rating": "0",
    "Size": "S",
    "Season": "Automn",
    "NeckLine": "slash-neck",
    "SleeveLength": "short",
    "waiseline": "natural",
    "Material": "nc",
    "FabricType": "nc",
    "Decoration": "lace",
    "Pattern Type": "solid",
    "Recommendation": 0,
    "ventes": 195
  },
  {
    "Style": "Casual",
    "Price": "Average",
    "Rating": "4,7",
    "Size": "free",
    "Season": "Summer",
    "NeckLine": "v-neck",
    "SleeveLength": "full",
    "waiseline": "natural",
    "Material": "cotton",
    "FabricType": "nc",
    "Decoration": "sashes",
    "Pattern Type": "solid",
    "Recommendation": 0,
    "ventes": 7730
  }
]