{
  "columnAttributes": [
    {
      "name": "Style",
      "type": "String",
      "isFeature": true,
      "elementType": {
        "typeName": "str",
        "isNullable": false
      }
    },
    {
      "name": "Price",
      "type": "String",
      "isFeature": true,
      "elementType": {
        "typeName": "str",
        "isNullable": false
      }
    },
    {
      "name": "Rating",
      "type": "String",
      "isFeature": true,
      "elementType": {
        "typeName": "str",
        "isNullable": false
      }
    },
    {
      "name": "Size",
      "type": "String",
      "isFeature": true,
      "elementType": {
        "typeName": "str",
        "isNullable": false
      }
    },
    {
      "name": "Season",
      "type": "String",
      "isFeature": true,
      "elementType": {
        "typeName": "str",
        "isNullable": false
      }
    },
    {
      "name": "NeckLine",
      "type": "String",
      "isFeature": true,
      "elementType": {
        "typeName": "str",
        "isNullable": false
      }
    },
    {
      "name": "SleeveLength",
      "type": "String",
      "isFeature": true,
      "elementType": {
        "typeName": "str",
        "isNullable": false
      }
    },
    {
      "name": "waiseline",
      "type": "String",
      "isFeature": true,
      "elementType": {
        "typeName": "str",
        "isNullable": false
      }
    },
    {
      "name": "Material",
      "type": "String",
      "isFeature": true,
      "elementType": {
        "typeName": "str",
        "isNullable": false
      }
    },
    {
      "name": "FabricType",
      "type": "String",
      "isFeature": true,
      "elementType": {
        "typeName": "str",
        "isNullable": false
      }
    },
    {
      "name": "Decoration",
      "type": "String",
      "isFeature": true,
      "elementType": {
        "typeName": "str",
        "isNullable": false
      }
    },
    {
      "name": "Pattern Type",
      "type": "String",
      "isFeature": true,
      "elementType": {
        "typeName": "str",
        "isNullable": false
      }
    },
    {
      "name": "Recommendation",
      "type": "Numeric",
      "isFeature": true,
      "elementType": {
        "typeName": "int64",
        "isNullable": false
      }
    },
    {
      "name": "ventes",
      "type": "Numeric",
      "isFeature": true,
      "elementType": {
        "typeName": "int64",
        "isNullable": false
      }
    }
  ],
  "featureChannels": [],
  "labelColumns": {},
  "scoreColumns": {}
}